timestep,reward,progress_reward,posture_reward,energy_penalty,terminal_reward,x_position,angle,y_position,velocity_x,velocity_y
0,-0.08563993871212006,-0.0014278093973795574,-0.03181697684340179,-0.052395158,0,4.66359281539917,-0.00911075621843338,5.752499103546143,-0.02975453808903694,0.19461491703987122
1,-0.20962229371070862,-0.027752399444580078,-0.14847129583358765,-0.033398606,0,4.657188415527344,-0.03880501538515091,5.769802570343018,-0.14121781289577484,0.10089241713285446
2,-0.26028576493263245,-0.019483089447021484,-0.19436907023191452,-0.04643359,0,4.6526923179626465,-0.07767882943153381,5.778091907501221,-0.1871834397315979,0.035441868007183075
3,-0.3480617105960846,-0.026713053385416668,-0.26510588824748993,-0.05624277,0,4.6465277671813965,-0.1307000070810318,5.788687229156494,-0.2503208816051483,0.011972235515713692
4,-0.4072844982147217,-0.021532853444417317,-0.32045066356658936,-0.06530096,0,4.641558647155762,-0.19479013979434967,5.792059421539307,-0.255799263715744,0.23664234578609467
5,-0.47171470522880554,-0.022353172302246094,-0.38250766694545746,-0.06685386,0,4.63640022277832,-0.27129167318344116,5.7992024421691895,-0.2616489827632904,0.4408135414123535
6,-0.5346304774284363,-0.022809823354085285,-0.44408589601516724,-0.06773477,0,4.631136417388916,-0.3601088523864746,5.810330867767334,-0.26023659110069275,0.6557533740997314
7,-0.5973374247550964,-0.022743701934814453,-0.5056314170360565,-0.06896229,0,4.625887870788574,-0.4612351357936859,5.825780391693115,-0.24937133491039276,0.8879668116569519
8,-0.6519103646278381,-0.028200785319010418,-0.5545301735401154,-0.069179416,0,4.619379997253418,-0.572141170501709,5.8376593589782715,-0.3004748821258545,0.7289248108863831
9,-0.6319614052772522,-0.026940345764160156,-0.5355992913246155,-0.06942176,0,4.613162994384766,-0.6792610287666321,5.844452381134033,-0.2744240462779999,0.4671454429626465
10,-0.6123992800712585,-0.025665442148844402,-0.5201959609985352,-0.066537865,0,4.607240200042725,-0.7833002209663391,5.846207618713379,-0.24889346957206726,0.21038289368152618
11,-0.5380784273147583,-0.01897271474202474,-0.4544159770011902,-0.0646897,0,4.6028618812561035,-0.8741834163665771,5.843160152435303,-0.16013774275779724,-0.04478268325328827
12,-0.5278943777084351,-0.01736927032470703,-0.4516163468360901,-0.05890879,0,4.598853588104248,-0.9645066857337952,5.8357343673706055,-0.13771432638168335,-0.2699112594127655
13,-0.5265735983848572,-0.019950071970621746,-0.44845670461654663,-0.05816685,0,4.594249725341797,-1.0541980266571045,5.823164939880371,-0.15689021348953247,-0.5314053893089294
14,-0.5275532007217407,-0.02405579884847005,-0.44436752796173096,-0.059129868,0,4.588698387145996,-1.1430715322494507,5.8053364753723145,-0.19396981596946716,-0.8005977869033813
15,-0.3203964829444885,0.005804220835367839,-0.26655495166778564,-0.05964575,0,4.590037822723389,-1.1963825225830078,5.782923221588135,0.006707505788654089,-1.0479907989501953
16,-0.3954984247684479,-0.011451403299967447,-0.32378315925598145,-0.060263872,0,4.587395191192627,-1.261139154434204,5.754912853240967,-0.0468137301504612,-1.325791835784912
17,-0.40094268321990967,-0.018766085306803387,-0.32355010509490967,-0.058626488,0,4.583064556121826,-1.325849175453186,5.721746444702148,-0.12366964668035507,-1.5919160842895508
18,-0.40597206354141235,-0.026140689849853516,-0.32210469245910645,-0.057726678,0,4.577032089233398,-1.3902701139450073,5.6836042404174805,-0.20267604291439056,-1.8499798774719238
19,-0.41162219643592834,-0.03361241022745768,-0.32033681869506836,-0.05767297,0,4.569275379180908,-1.454337477684021,5.640678882598877,-0.28455352783203125,-2.099343776702881
20,-0.4192432165145874,-0.041495323181152344,-0.3199058771133423,-0.05784201,0,4.559699535369873,-1.5183186531066895,5.594345569610596,-0.37682464718818665,-2.305187702178955
21,-0.4234934449195862,-0.046886285146077476,-0.31452715396881104,-0.062079985,0,4.548879623413086,-1.5812240839004517,5.542981147766113,-0.4428616166114807,-2.5388450622558594
22,-0.42579254508018494,-0.053333123524983726,-0.3102457523345947,-0.06221365,0,4.536571979522705,-1.6432732343673706,5.487228870391846,-0.515781044960022,-2.7662408351898193
23,-0.4282931685447693,-0.06001138687133789,-0.30594468116760254,-0.062337086,0,4.522723197937012,-1.7044621706008911,5.427243709564209,-0.5920810103416443,-2.986074447631836
24,-0.4309280812740326,-0.06684048970540364,-0.30164003372192383,-0.062447548,0,4.507298469543457,-1.7647901773452759,5.363187313079834,-0.6709926724433899,-3.1977925300598145
25,-0.4336538314819336,-0.07376464207967122,-0.2973443269729614,-0.06254485,0,4.490275859832764,-1.8242590427398682,5.295230865478516,-0.7516494989395142,-3.4008986949920654
26,-0.4363964796066284,-0.08069292704264323,-0.29307425022125244,-0.062629305,0,4.471654415130615,-1.8828738927841187,5.223552703857422,-0.8330773711204529,-3.594978094100952
27,-0.43906643986701965,-0.08752202987670898,-0.28883039951324463,-0.06271402,0,4.4514570236206055,-1.9406399726867676,5.148338317871094,-0.9142413139343262,-3.7797482013702393
28,-0.44159212708473206,-0.09417136510213216,-0.2846252918243408,-0.06279546,0,4.429725170135498,-1.9975650310516357,5.069772243499756,-0.9940192699432373,-3.9550225734710693
29,-0.44386470317840576,-0.10051902135213216,-0.28048038482666016,-0.06286527,0,4.406528472900391,-2.0536611080169678,4.988038539886475,-1.0711852312088013,-4.120730876922607
30,-0.4458330571651459,-0.1064740816752116,-0.27643442153930664,-0.062924564,0,4.381957530975342,-2.108947992324829,4.903318881988525,-1.1444385051727295,-4.276971340179443
31,-0.4473830759525299,-0.11190223693847656,-0.2725064754486084,-0.06297436,0,4.356133937835693,-2.163449287414551,4.815787315368652,-1.2124371528625488,-4.424032688140869
32,-0.448437362909317,-0.1167001724243164,-0.2687215805053711,-0.06301561,0,4.329203128814697,-2.217193603515625,4.7256035804748535,-1.2738182544708252,-4.5624213218688965
33,-0.4489193856716156,-0.1207583745320638,-0.26511192321777344,-0.063049085,0,4.30133581161499,-2.2702159881591797,4.632914066314697,-1.3272379636764526,-4.692859649658203
34,-0.45032110810279846,-0.12345695495605469,-0.26378870010375977,-0.063075446,0,4.27284574508667,-2.3229737281799316,4.537801265716553,-1.3649173974990845,-4.817646503448486
35,-0.49006086587905884,-0.10940615336100261,-0.31749486923217773,-0.06315985,0,4.247598171234131,-2.386472702026367,4.4390764236450195,-1.1923308372497559,-4.989536762237549
36,-0.5246327519416809,-0.10542853673299153,-0.351182222366333,-0.068022005,0,4.223268508911133,-2.456709146499634,4.336063385009766,-1.141794204711914,-5.202352523803711
37,-0.5435555577278137,-0.10403585433959961,-0.37261128425598145,-0.066908404,0,4.199260234832764,-2.53123140335083,4.228893280029297,-1.1243873834609985,-5.416731834411621
38,-0.548260509967804,-0.10546366373697917,-0.37708520889282227,-0.06571166,0,4.174922466278076,-2.6066484451293945,4.118173599243164,-1.144551157951355,-5.600677490234375
39,-0.5326846837997437,-0.10860443115234375,-0.35837292671203613,-0.065707326,0,4.14985990524292,-2.6783230304718018,4.004622936248779,-1.2017638683319092,-5.741678714752197
40,-0.5233803391456604,-0.11430946985880534,-0.3419983386993408,-0.067072526,0,4.123480796813965,-2.74672269821167,3.888378381729126,-1.2650426626205444,-5.88327169418335
41,-0.5129736661911011,-0.11774158477783203,-0.32864809036254883,-0.06658396,0,4.096309661865234,-2.8124523162841797,3.7694876194000244,-1.313666582107544,-6.0193772315979
42,-100.0,-0.0535273551940918,-0.3765594959259033,-0.06623836,-100,4.083957195281982,-2.8877642154693604,3.6889524459838867,1.1356335878372192,-0.3997932970523834
